﻿Designator,Footprint,Quantity,Value,LCSC Part #
"DL1, DL10, DL11, DL12, DL13, DL14, DL15, DL16, DL17, DL18, DL19, DL2, DL3, DL4, DL5, DL6, DL7, DL8, DL9, DR1, DR10, DR11, DR12, DR13, DR14, DR15, DR16, DR17, DR18, DR19, DR2, DR3, DR4, DR5, DR6, DR7, DR8, DR9",Diode_SOD123,38,1N4148W,
"J1, J2",Jack_3.5mm_PJ320D_Horizontal,2,PJ320D,
"SWL1, SWL10, SWL11, SWL12, SWL13, SWL14, SWL15, SWL16, SWL17, SWL18, SWL19, SWL2, SWL3, SWL4, SWL5, SWL6, SWL7, SWL8, SWL9, SWR1, SWR10, SWR11, SWR12, SWR13, SWR14, SWR15, SWR16, SWR17, SWR18, SWR19, SWR2, SWR3, SWR4, SWR5, SWR6, SWR7, SWR8, SWR9",Kailh_socket_PG1350_reverse,38,CPG135001S30,
"U1, U2",rp2040-zero-smd-pads,2,RP2040-Zero,
